<?xml version="1.0" encoding="UTF-8"?>
<beans xmlns="http://www.springframework.org/schema/beans"
       xmlns:xsi="http://www.w3.org/2001/XMLSchema-instance"
       xmlns:context="http://www.springframework.org/schema/context"
       xsi:schemaLocation="http://www.springframework.org/schema/beans
         http://www.springframework.org/schema/beans/spring-beans-3.0.xsd
         http://www.springframework.org/schema/context
         http://www.springframework.org/schema/context/spring-context-3.0.xsd">

    <context:component-scan base-package="com.feedback2me"/>
    <context:annotation-config/>

    <bean id="freemarkerConfig" class="org.springframework.web.servlet.view.freemarker.FreeMarkerConfigurer">
        <property name="templateLoaderPath" value="/WEB-INF/ftls/"/>
    </bean>

    <bean id="viewResolver" class="org.springframework.web.servlet.view.freemarker.FreeMarkerViewResolver">
        <property name="cache" value="false"/>
        <property name="prefix" value=""/>
        <property name="suffix" value=".ftl"/>
        <property name="requestContextAttribute"  value="request" />
        <property name="exposeSpringMacroHelpers" value="true" />
        <property name="exposeRequestAttributes"  value="true" />
        <property name="exposeSessionAttributes"  value="true" />
    </bean>


    <bean id="scheduledTask" class="org.springframework.scheduling.timer.ScheduledTimerTask">
        <property name="delay" value="1000"/>
        <!-- run every 30 seconds -->
        <property name="period" value="7200000"/>
        <property name="timerTask" ref="feedbackCollectionService"/>
    </bean>


    <bean id="timerFactory" class="org.springframework.scheduling.timer.TimerFactoryBean">
        <property name="scheduledTimerTasks">
            <list>
                <ref bean="scheduledTask"/>
            </list>
        </property>
    </bean>
</beans>